[
    {
        "name": "Admiral",
        "href": "/wiki/Admiral"
    },
    {
        "name": "Agent S",
        "href": "/wiki/Agent_S"
    },
    {
        "name": "Agnes",
        "href": "/wiki/Agnes"
    },
    {
        "name": "Al",
        "href": "/wiki/Al"
    },
    {
        "name": "Alfonso",
        "href": "/wiki/Alfonso"
    },
    {
        "name": "Alice",
        "href": "/wiki/Alice"
    },
    {
        "name": "Alli",
        "href": "/wiki/Alli"
    },
    {
        "name": "Amelia",
        "href": "/wiki/Amelia"
    },
    {
        "name": "Anabelle",
        "href": "/wiki/Anabelle"
    },
    {
        "name": "Anchovy",
        "href": "/wiki/Anchovy"
    },
    {
        "name": "Angus",
        "href": "/wiki/Angus"
    },
    {
        "name": "Anicotti",
        "href": "/wiki/Anicotti"
    },
    {
        "name": "Ankha",
        "href": "/wiki/Ankha"
    },
    {
        "name": "Annalisa",
        "href": "/wiki/Annalisa"
    },
    {
        "name": "Annalise",
        "href": "/wiki/Annalise"
    },
    {
        "name": "Antonio",
        "href": "/wiki/Antonio"
    },
    {
        "name": "Apollo",
        "href": "/wiki/Apollo"
    },
    {
        "name": "Apple",
        "href": "/wiki/Apple"
    },
    {
        "name": "Astrid",
        "href": "/wiki/Astrid"
    },
    {
        "name": "Aurora",
        "href": "/wiki/Aurora"
    },
    {
        "name": "Ava",
        "href": "/wiki/Ava"
    },
    {
        "name": "Avery",
        "href": "/wiki/Avery"
    },
    {
        "name": "Axel",
        "href": "/wiki/Axel"
    },
    {
        "name": "Baabara",
        "href": "/wiki/Baabara"
    },
    {
        "name": "Bam",
        "href": "/wiki/Bam"
    },
    {
        "name": "Bangle",
        "href": "/wiki/Bangle"
    },
    {
        "name": "Barold",
        "href": "/wiki/Barold"
    },
    {
        "name": "Bea",
        "href": "/wiki/Bea"
    },
    {
        "name": "Beardo",
        "href": "/wiki/Beardo"
    },
    {
        "name": "Beau",
        "href": "/wiki/Beau"
    },
    {
        "name": "Becky",
        "href": "/wiki/Becky"
    },
    {
        "name": "Bella",
        "href": "/wiki/Bella"
    },
    {
        "name": "Benedict",
        "href": "/wiki/Benedict"
    },
    {
        "name": "Benjamin",
        "href": "/wiki/Benjamin"
    },
    {
        "name": "Bertha",
        "href": "/wiki/Bertha"
    },
    {
        "name": "Bettina",
        "href": "/wiki/Bettina"
    },
    {
        "name": "Bianca",
        "href": "/wiki/Bianca"
    },
    {
        "name": "Biff",
        "href": "/wiki/Biff"
    },
    {
        "name": "Big Top",
        "href": "/wiki/Big_Top"
    },
    {
        "name": "Bill",
        "href": "/wiki/Bill"
    },
    {
        "name": "Billy",
        "href": "/wiki/Billy"
    },
    {
        "name": "Biskit",
        "href": "/wiki/Biskit"
    },
    {
        "name": "Bitty",
        "href": "/wiki/Bitty"
    },
    {
        "name": "Blaire",
        "href": "/wiki/Blaire"
    },
    {
        "name": "Blanche",
        "href": "/wiki/Blanche"
    },
    {
        "name": "Bluebear",
        "href": "/wiki/Bluebear"
    },
    {
        "name": "Bob",
        "href": "/wiki/Bob"
    },
    {
        "name": "Bonbon",
        "href": "/wiki/Bonbon"
    },
    {
        "name": "Bones",
        "href": "/wiki/Bones"
    },
    {
        "name": "Boomer",
        "href": "/wiki/Boomer"
    },
    {
        "name": "Boone",
        "href": "/wiki/Boone"
    },
    {
        "name": "Boots",
        "href": "/wiki/Boots"
    },
    {
        "name": "Boris",
        "href": "/wiki/Boris"
    },
    {
        "name": "Boyd",
        "href": "/wiki/Boyd"
    },
    {
        "name": "Bree",
        "href": "/wiki/Bree"
    },
    {
        "name": "Broccolo",
        "href": "/wiki/Broccolo"
    },
    {
        "name": "Broffina",
        "href": "/wiki/Broffina"
    },
    {
        "name": "Bruce",
        "href": "/wiki/Bruce"
    },
    {
        "name": "Bubbles",
        "href": "/wiki/Bubbles"
    },
    {
        "name": "Buck",
        "href": "/wiki/Buck"
    },
    {
        "name": "Bud",
        "href": "/wiki/Bud"
    },
    {
        "name": "Bunnie",
        "href": "/wiki/Bunnie"
    },
    {
        "name": "Butch",
        "href": "/wiki/Butch"
    },
    {
        "name": "Buzz",
        "href": "/wiki/Buzz"
    },
    {
        "name": "Cally",
        "href": "/wiki/Cally"
    },
    {
        "name": "Camofrog",
        "href": "/wiki/Camofrog"
    },
    {
        "name": "Canberra",
        "href": "/wiki/Canberra"
    },
    {
        "name": "Candi",
        "href": "/wiki/Candi"
    },
    {
        "name": "Carmen",
        "href": "/wiki/Carmen_(rabbit)"
    },
    {
        "name": "Caroline",
        "href": "/wiki/Caroline"
    },
    {
        "name": "Carrie",
        "href": "/wiki/Carrie"
    },
    {
        "name": "Cashmere",
        "href": "/wiki/Cashmere"
    },
    {
        "name": "Cece",
        "href": "/wiki/Cece"
    },
    {
        "name": "Celia",
        "href": "/wiki/Celia"
    },
    {
        "name": "Cesar",
        "href": "/wiki/Cesar"
    },
    {
        "name": "Chadder",
        "href": "/wiki/Chadder"
    },
    {
        "name": "Chai",
        "href": "/wiki/Chai"
    },
    {
        "name": "Charlise",
        "href": "/wiki/Charlise"
    },
    {
        "name": "Chelsea",
        "href": "/wiki/Chelsea"
    },
    {
        "name": "Cheri",
        "href": "/wiki/Cheri"
    },
    {
        "name": "Cherry",
        "href": "/wiki/Cherry_(dog)"
    },
    {
        "name": "Chester",
        "href": "/wiki/Chester"
    },
    {
        "name": "Chevre",
        "href": "/wiki/Chevre"
    },
    {
        "name": "Chief",
        "href": "/wiki/Chief"
    },
    {
        "name": "Chops",
        "href": "/wiki/Chops"
    },
    {
        "name": "Chow",
        "href": "/wiki/Chow"
    },
    {
        "name": "Chrissy",
        "href": "/wiki/Chrissy"
    },
    {
        "name": "Claude",
        "href": "/wiki/Claude"
    },
    {
        "name": "Claudia",
        "href": "/wiki/Claudia"
    },
    {
        "name": "Clay",
        "href": "/wiki/Clay"
    },
    {
        "name": "Cleo",
        "href": "/wiki/Cleo"
    },
    {
        "name": "Clyde",
        "href": "/wiki/Clyde"
    },
    {
        "name": "Coach",
        "href": "/wiki/Coach"
    },
    {
        "name": "Cobb",
        "href": "/wiki/Cobb"
    },
    {
        "name": "Coco",
        "href": "/wiki/Coco"
    },
    {
        "name": "Cole",
        "href": "/wiki/Cole"
    },
    {
        "name": "Colton",
        "href": "/wiki/Colton"
    },
    {
        "name": "Cookie",
        "href": "/wiki/Cookie"
    },
    {
        "name": "Cousteau",
        "href": "/wiki/Cousteau"
    },
    {
        "name": "Cranston",
        "href": "/wiki/Cranston"
    },
    {
        "name": "Croque",
        "href": "/wiki/Croque"
    },
    {
        "name": "Cube",
        "href": "/wiki/Cube"
    },
    {
        "name": "Curlos",
        "href": "/wiki/Curlos"
    },
    {
        "name": "Curly",
        "href": "/wiki/Curly"
    },
    {
        "name": "Curt",
        "href": "/wiki/Curt"
    },
    {
        "name": "Cyrano",
        "href": "/wiki/Cyrano"
    },
    {
        "name": "Daisy",
        "href": "/wiki/Daisy"
    },
    {
        "name": "Deena",
        "href": "/wiki/Deena"
    },
    {
        "name": "Deirdre",
        "href": "/wiki/Deirdre"
    },
    {
        "name": "Del",
        "href": "/wiki/Del"
    },
    {
        "name": "Deli",
        "href": "/wiki/Deli"
    },
    {
        "name": "Derwin",
        "href": "/wiki/Derwin"
    },
    {
        "name": "Diana",
        "href": "/wiki/Diana"
    },
    {
        "name": "Diva",
        "href": "/wiki/Diva"
    },
    {
        "name": "Dizzy",
        "href": "/wiki/Dizzy"
    },
    {
        "name": "Dobie",
        "href": "/wiki/Dobie"
    },
    {
        "name": "Doc",
        "href": "/wiki/Doc"
    },
    {
        "name": "Dora",
        "href": "/wiki/Dora"
    },
    {
        "name": "Dotty",
        "href": "/wiki/Dotty"
    },
    {
        "name": "Drago",
        "href": "/wiki/Drago"
    },
    {
        "name": "Drake",
        "href": "/wiki/Drake"
    },
    {
        "name": "Drift",
        "href": "/wiki/Drift"
    },
    {
        "name": "Ed",
        "href": "/wiki/Ed"
    },
    {
        "name": "Egbert",
        "href": "/wiki/Egbert"
    },
    {
        "name": "Elise",
        "href": "/wiki/Elise"
    },
    {
        "name": "Ellie",
        "href": "/wiki/Ellie"
    },
    {
        "name": "Elmer",
        "href": "/wiki/Elmer"
    },
    {
        "name": "Eloise",
        "href": "/wiki/Eloise"
    },
    {
        "name": "Elvis",
        "href": "/wiki/Elvis"
    },
    {
        "name": "Epona",
        "href": "/wiki/Epona"
    },
    {
        "name": "Erik",
        "href": "/wiki/Erik"
    },
    {
        "name": "Étoile",
        "href": "/wiki/%C3%89toile"
    },
    {
        "name": "Eugene",
        "href": "/wiki/Eugene"
    },
    {
        "name": "Eunice",
        "href": "/wiki/Eunice"
    },
    {
        "name": "Fang",
        "href": "/wiki/Fang"
    },
    {
        "name": "Fauna",
        "href": "/wiki/Fauna"
    },
    {
        "name": "Felicity",
        "href": "/wiki/Felicity"
    },
    {
        "name": "Felyne",
        "href": "/wiki/Felyne"
    },
    {
        "name": "Filbert",
        "href": "/wiki/Filbert"
    },
    {
        "name": "Filly",
        "href": "/wiki/Filly"
    },
    {
        "name": "Flip",
        "href": "/wiki/Flip"
    },
    {
        "name": "Flo",
        "href": "/wiki/Flo"
    },
    {
        "name": "Flora",
        "href": "/wiki/Flora_(villager)"
    },
    {
        "name": "Flurry",
        "href": "/wiki/Flurry"
    },
    {
        "name": "Francine",
        "href": "/wiki/Francine"
    },
    {
        "name": "Frank",
        "href": "/wiki/Frank"
    },
    {
        "name": "Freckles",
        "href": "/wiki/Freckles"
    },
    {
        "name": "Freya",
        "href": "/wiki/Freya"
    },
    {
        "name": "Friga",
        "href": "/wiki/Friga"
    },
    {
        "name": "Frita",
        "href": "/wiki/Frita"
    },
    {
        "name": "Frobert",
        "href": "/wiki/Frobert"
    },
    {
        "name": "Fuchsia",
        "href": "/wiki/Fuchsia"
    },
    {
        "name": "Gabi",
        "href": "/wiki/Gabi"
    },
    {
        "name": "Gala",
        "href": "/wiki/Gala"
    },
    {
        "name": "Ganon",
        "href": "/wiki/Ganon"
    },
    {
        "name": "Gaston",
        "href": "/wiki/Gaston"
    },
    {
        "name": "Gayle",
        "href": "/wiki/Gayle"
    },
    {
        "name": "Genji",
        "href": "/wiki/Genji"
    },
    {
        "name": "Gigi",
        "href": "/wiki/Gigi"
    },
    {
        "name": "Gladys",
        "href": "/wiki/Gladys"
    },
    {
        "name": "Gloria",
        "href": "/wiki/Gloria"
    },
    {
        "name": "Goldie",
        "href": "/wiki/Goldie"
    },
    {
        "name": "Gonzo",
        "href": "/wiki/Gonzo"
    },
    {
        "name": "Goose",
        "href": "/wiki/Goose"
    },
    {
        "name": "Graham",
        "href": "/wiki/Graham"
    },
    {
        "name": "Greta",
        "href": "/wiki/Greta"
    },
    {
        "name": "Grizzly",
        "href": "/wiki/Grizzly"
    },
    {
        "name": "Groucho",
        "href": "/wiki/Groucho"
    },
    {
        "name": "Gruff",
        "href": "/wiki/Gruff"
    },
    {
        "name": "Gwen",
        "href": "/wiki/Gwen"
    },
    {
        "name": "Hamlet",
        "href": "/wiki/Hamlet"
    },
    {
        "name": "Hamphrey",
        "href": "/wiki/Hamphrey"
    },
    {
        "name": "Hans",
        "href": "/wiki/Hans"
    },
    {
        "name": "Harry",
        "href": "/wiki/Harry"
    },
    {
        "name": "Hazel",
        "href": "/wiki/Hazel"
    },
    {
        "name": "Henry",
        "href": "/wiki/Henry"
    },
    {
        "name": "Hippeux",
        "href": "/wiki/Hippeux"
    },
    {
        "name": "Holden",
        "href": "/wiki/Holden"
    },
    {
        "name": "Hopkins",
        "href": "/wiki/Hopkins"
    },
    {
        "name": "Hopper",
        "href": "/wiki/Hopper"
    },
    {
        "name": "Hornsby",
        "href": "/wiki/Hornsby"
    },
    {
        "name": "Huck",
        "href": "/wiki/Huck"
    },
    {
        "name": "Hugh",
        "href": "/wiki/Hugh"
    },
    {
        "name": "Iggly",
        "href": "/wiki/Iggly"
    },
    {
        "name": "Ike",
        "href": "/wiki/Ike"
    },
    {
        "name": "Inkwell",
        "href": "/wiki/Inkwell"
    },
    {
        "name": "Jacques",
        "href": "/wiki/Jacques"
    },
    {
        "name": "Jacob",
        "href": "/wiki/Jacob"
    },
    {
        "name": "Jambette",
        "href": "/wiki/Jambette"
    },
    {
        "name": "Jay",
        "href": "/wiki/Jay"
    },
    {
        "name": "Jeremiah",
        "href": "/wiki/Jeremiah"
    },
    {
        "name": "Jitters",
        "href": "/wiki/Jitters"
    },
    {
        "name": "Joey",
        "href": "/wiki/Joey"
    },
    {
        "name": "Julia",
        "href": "/wiki/Julia"
    },
    {
        "name": "Julian",
        "href": "/wiki/Julian"
    },
    {
        "name": "June",
        "href": "/wiki/June_(villager)"
    },
    {
        "name": "Kabuki",
        "href": "/wiki/Kabuki"
    },
    {
        "name": "Katt",
        "href": "/wiki/Katt"
    },
    {
        "name": "Keaton",
        "href": "/wiki/Keaton"
    },
    {
        "name": "Ken",
        "href": "/wiki/Ken"
    },
    {
        "name": "Ketchup",
        "href": "/wiki/Ketchup"
    },
    {
        "name": "Kevin",
        "href": "/wiki/Kevin"
    },
    {
        "name": "Kid Cat",
        "href": "/wiki/Kid_Cat"
    },
    {
        "name": "Kidd",
        "href": "/wiki/Kidd"
    },
    {
        "name": "Kiki",
        "href": "/wiki/Kiki"
    },
    {
        "name": "Kitt",
        "href": "/wiki/Kitt"
    },
    {
        "name": "Kitty",
        "href": "/wiki/Kitty"
    },
    {
        "name": "Klaus",
        "href": "/wiki/Klaus"
    },
    {
        "name": "Knox",
        "href": "/wiki/Knox"
    },
    {
        "name": "Kody",
        "href": "/wiki/Kody"
    },
    {
        "name": "Kyle",
        "href": "/wiki/Kyle"
    },
    {
        "name": "Leonardo",
        "href": "/wiki/Leonardo"
    },
    {
        "name": "Leopold",
        "href": "/wiki/Leopold"
    },
    {
        "name": "Lily",
        "href": "/wiki/Lily"
    },
    {
        "name": "Limberg",
        "href": "/wiki/Limberg"
    },
    {
        "name": "Lionel",
        "href": "/wiki/Lionel"
    },
    {
        "name": "Lobo",
        "href": "/wiki/Lobo"
    },
    {
        "name": "Lolly",
        "href": "/wiki/Lolly"
    },
    {
        "name": "Lopez",
        "href": "/wiki/Lopez"
    },
    {
        "name": "Louie",
        "href": "/wiki/Louie"
    },
    {
        "name": "Lucha",
        "href": "/wiki/Lucha"
    },
    {
        "name": "Lucky",
        "href": "/wiki/Lucky"
    },
    {
        "name": "Lucy",
        "href": "/wiki/Lucy"
    },
    {
        "name": "Lyman",
        "href": "/wiki/Lyman"
    },
    {
        "name": "Mac",
        "href": "/wiki/Mac"
    },
    {
        "name": "Maddie",
        "href": "/wiki/Maddie"
    },
    {
        "name": "Maelle",
        "href": "/wiki/Maelle"
    },
    {
        "name": "Maggie",
        "href": "/wiki/Maggie"
    },
    {
        "name": "Mallary",
        "href": "/wiki/Mallary"
    },
    {
        "name": "Maple",
        "href": "/wiki/Maple"
    },
    {
        "name": "Marcel",
        "href": "/wiki/Marcel"
    },
    {
        "name": "Marcie",
        "href": "/wiki/Marcie"
    },
    {
        "name": "Margie",
        "href": "/wiki/Margie"
    },
    {
        "name": "Marina",
        "href": "/wiki/Marina"
    },
    {
        "name": "Marshal",
        "href": "/wiki/Marshal"
    },
    {
        "name": "Marty",
        "href": "/wiki/Marty"
    },
    {
        "name": "Mathilda",
        "href": "/wiki/Mathilda"
    },
    {
        "name": "Medli",
        "href": "/wiki/Medli"
    },
    {
        "name": "Melba",
        "href": "/wiki/Melba"
    },
    {
        "name": "Merengue",
        "href": "/wiki/Merengue"
    },
    {
        "name": "Merry",
        "href": "/wiki/Merry"
    },
    {
        "name": "Midge",
        "href": "/wiki/Midge"
    },
    {
        "name": "Mint",
        "href": "/wiki/Mint"
    },
    {
        "name": "Mira",
        "href": "/wiki/Mira"
    },
    {
        "name": "Miranda",
        "href": "/wiki/Miranda"
    },
    {
        "name": "Mitzi",
        "href": "/wiki/Mitzi"
    },
    {
        "name": "Moe",
        "href": "/wiki/Moe"
    },
    {
        "name": "Molly",
        "href": "/wiki/Molly"
    },
    {
        "name": "Monique",
        "href": "/wiki/Monique"
    },
    {
        "name": "Monty",
        "href": "/wiki/Monty"
    },
    {
        "name": "Moose",
        "href": "/wiki/Moose"
    },
    {
        "name": "Mott",
        "href": "/wiki/Mott"
    },
    {
        "name": "Muffy",
        "href": "/wiki/Muffy"
    },
    {
        "name": "Murphy",
        "href": "/wiki/Murphy"
    },
    {
        "name": "Nan",
        "href": "/wiki/Nan"
    },
    {
        "name": "Nana",
        "href": "/wiki/Nana"
    },
    {
        "name": "Naomi",
        "href": "/wiki/Naomi"
    },
    {
        "name": "Nate",
        "href": "/wiki/Nate"
    },
    {
        "name": "Nibbles",
        "href": "/wiki/Nibbles"
    },
    {
        "name": "Norma",
        "href": "/wiki/Norma"
    },
    {
        "name": "O'Hare",
        "href": "/wiki/O%27Hare"
    },
    {
        "name": "Octavian",
        "href": "/wiki/Octavian"
    },
    {
        "name": "Olaf",
        "href": "/wiki/Olaf"
    },
    {
        "name": "Olive",
        "href": "/wiki/Olive"
    },
    {
        "name": "Olivia",
        "href": "/wiki/Olivia"
    },
    {
        "name": "Opal",
        "href": "/wiki/Opal"
    },
    {
        "name": "Ozzie",
        "href": "/wiki/Ozzie"
    },
    {
        "name": "Pancetti",
        "href": "/wiki/Pancetti"
    },
    {
        "name": "Pango",
        "href": "/wiki/Pango"
    },
    {
        "name": "Paolo",
        "href": "/wiki/Paolo"
    },
    {
        "name": "Papi",
        "href": "/wiki/Papi"
    },
    {
        "name": "Pashmina",
        "href": "/wiki/Pashmina"
    },
    {
        "name": "Pate",
        "href": "/wiki/Pate"
    },
    {
        "name": "Patty",
        "href": "/wiki/Patty"
    },
    {
        "name": "Paula",
        "href": "/wiki/Paula"
    },
    {
        "name": "Peaches",
        "href": "/wiki/Peaches"
    },
    {
        "name": "Peanut",
        "href": "/wiki/Peanut"
    },
    {
        "name": "Pecan",
        "href": "/wiki/Pecan"
    },
    {
        "name": "Peck",
        "href": "/wiki/Peck"
    },
    {
        "name": "Peewee",
        "href": "/wiki/Peewee"
    },
    {
        "name": "Peggy",
        "href": "/wiki/Peggy"
    },
    {
        "name": "Pekoe",
        "href": "/wiki/Pekoe"
    },
    {
        "name": "Penelope",
        "href": "/wiki/Penelope"
    },
    {
        "name": "Phil",
        "href": "/wiki/Phil"
    },
    {
        "name": "Phoebe",
        "href": "/wiki/Phoebe"
    },
    {
        "name": "Pierce",
        "href": "/wiki/Pierce"
    },
    {
        "name": "Pietro",
        "href": "/wiki/Pietro"
    },
    {
        "name": "Pinky",
        "href": "/wiki/Pinky"
    },
    {
        "name": "Piper",
        "href": "/wiki/Piper"
    },
    {
        "name": "Pippy",
        "href": "/wiki/Pippy"
    },
    {
        "name": "Plucky",
        "href": "/wiki/Plucky"
    },
    {
        "name": "Pompom",
        "href": "/wiki/Pompom"
    },
    {
        "name": "Poncho",
        "href": "/wiki/Poncho"
    },
    {
        "name": "Poppy",
        "href": "/wiki/Poppy"
    },
    {
        "name": "Portia",
        "href": "/wiki/Portia"
    },
    {
        "name": "Prince",
        "href": "/wiki/Prince"
    },
    {
        "name": "Puck",
        "href": "/wiki/Puck"
    },
    {
        "name": "Puddles",
        "href": "/wiki/Puddles"
    },
    {
        "name": "Pudge",
        "href": "/wiki/Pudge"
    },
    {
        "name": "Punchy",
        "href": "/wiki/Punchy"
    },
    {
        "name": "Purrl",
        "href": "/wiki/Purrl"
    },
    {
        "name": "Queenie",
        "href": "/wiki/Queenie"
    },
    {
        "name": "Quillson",
        "href": "/wiki/Quillson"
    },
    {
        "name": "Raddle",
        "href": "/wiki/Raddle"
    },
    {
        "name": "Rasher",
        "href": "/wiki/Rasher"
    },
    {
        "name": "Renée",
        "href": "/wiki/Ren%C3%A9e"
    },
    {
        "name": "Rex",
        "href": "/wiki/Rex"
    },
    {
        "name": "Rhonda",
        "href": "/wiki/Rhonda"
    },
    {
        "name": "Ribbot",
        "href": "/wiki/Ribbot"
    },
    {
        "name": "Ricky",
        "href": "/wiki/Ricky"
    },
    {
        "name": "Rilla",
        "href": "/wiki/Rilla"
    },
    {
        "name": "Rizzo",
        "href": "/wiki/Rizzo"
    },
    {
        "name": "Roald",
        "href": "/wiki/Roald"
    },
    {
        "name": "Robin",
        "href": "/wiki/Robin"
    },
    {
        "name": "Rocco",
        "href": "/wiki/Rocco"
    },
    {
        "name": "Rocket",
        "href": "/wiki/Rocket"
    },
    {
        "name": "Rod",
        "href": "/wiki/Rod"
    },
    {
        "name": "Rodeo",
        "href": "/wiki/Rodeo"
    },
    {
        "name": "Rodney",
        "href": "/wiki/Rodney"
    },
    {
        "name": "Rolf",
        "href": "/wiki/Rolf"
    },
    {
        "name": "Rooney",
        "href": "/wiki/Rooney"
    },
    {
        "name": "Rory",
        "href": "/wiki/Rory"
    },
    {
        "name": "Roscoe",
        "href": "/wiki/Roscoe"
    },
    {
        "name": "Rosie",
        "href": "/wiki/Rosie"
    },
    {
        "name": "Rowan",
        "href": "/wiki/Rowan"
    },
    {
        "name": "Ruby",
        "href": "/wiki/Ruby"
    },
    {
        "name": "Rudy",
        "href": "/wiki/Rudy"
    },
    {
        "name": "Sally",
        "href": "/wiki/Sally"
    },
    {
        "name": "Samson",
        "href": "/wiki/Samson"
    },
    {
        "name": "Sandy",
        "href": "/wiki/Sandy"
    },
    {
        "name": "Savannah",
        "href": "/wiki/Savannah"
    },
    {
        "name": "Scoot",
        "href": "/wiki/Scoot"
    },
    {
        "name": "Shari",
        "href": "/wiki/Shari"
    },
    {
        "name": "Sheldon",
        "href": "/wiki/Sheldon"
    },
    {
        "name": "Shep",
        "href": "/wiki/Shep"
    },
    {
        "name": "Simon",
        "href": "/wiki/Simon"
    },
    {
        "name": "Skye",
        "href": "/wiki/Skye"
    },
    {
        "name": "Sly",
        "href": "/wiki/Sly"
    },
    {
        "name": "Snake",
        "href": "/wiki/Snake"
    },
    {
        "name": "Snooty",
        "href": "/wiki/Snooty_(villager)"
    },
    {
        "name": "Soleil",
        "href": "/wiki/Soleil"
    },
    {
        "name": "Sparro",
        "href": "/wiki/Sparro"
    },
    {
        "name": "Spike",
        "href": "/wiki/Spike"
    },
    {
        "name": "Spork",
        "href": "/wiki/Spork"
    },
    {
        "name": "Sprinkle",
        "href": "/wiki/Sprinkle"
    },
    {
        "name": "Sprocket",
        "href": "/wiki/Sprocket"
    },
    {
        "name": "Static",
        "href": "/wiki/Static"
    },
    {
        "name": "Stella",
        "href": "/wiki/Stella"
    },
    {
        "name": "Sterling",
        "href": "/wiki/Sterling"
    },
    {
        "name": "Stinky",
        "href": "/wiki/Stinky"
    },
    {
        "name": "Stitches",
        "href": "/wiki/Stitches"
    },
    {
        "name": "Stu",
        "href": "/wiki/Stu"
    },
    {
        "name": "Sydney",
        "href": "/wiki/Sydney"
    },
    {
        "name": "Sylvana",
        "href": "/wiki/Sylvana"
    },
    {
        "name": "Sylvia",
        "href": "/wiki/Sylvia"
    },
    {
        "name": "T-Bone",
        "href": "/wiki/T-Bone"
    },
    {
        "name": "Tabby",
        "href": "/wiki/Tabby"
    },
    {
        "name": "Tad",
        "href": "/wiki/Tad"
    },
    {
        "name": "Tammi",
        "href": "/wiki/Tammi"
    },
    {
        "name": "Tammy",
        "href": "/wiki/Tammy"
    },
    {
        "name": "Tangy",
        "href": "/wiki/Tangy"
    },
    {
        "name": "Tank",
        "href": "/wiki/Tank"
    },
    {
        "name": "Tasha",
        "href": "/wiki/Tasha"
    },
    {
        "name": "Teddy",
        "href": "/wiki/Teddy"
    },
    {
        "name": "Tex",
        "href": "/wiki/Tex"
    },
    {
        "name": "Tia",
        "href": "/wiki/Tia"
    },
    {
        "name": "Tiffany",
        "href": "/wiki/Tiffany"
    },
    {
        "name": "Timbra",
        "href": "/wiki/Timbra"
    },
    {
        "name": "Tipper",
        "href": "/wiki/Tipper"
    },
    {
        "name": "Toby",
        "href": "/wiki/Toby"
    },
    {
        "name": "Tom",
        "href": "/wiki/Tom"
    },
    {
        "name": "Truffles",
        "href": "/wiki/Truffles"
    },
    {
        "name": "Tucker",
        "href": "/wiki/Tucker"
    },
    {
        "name": "Tutu",
        "href": "/wiki/Tutu"
    },
    {
        "name": "Twiggy",
        "href": "/wiki/Twiggy"
    },
    {
        "name": "Tybalt",
        "href": "/wiki/Tybalt"
    },
    {
        "name": "Ursala",
        "href": "/wiki/Ursala"
    },
    {
        "name": "Velma",
        "href": "/wiki/Velma"
    },
    {
        "name": "Vesta",
        "href": "/wiki/Vesta"
    },
    {
        "name": "Vic",
        "href": "/wiki/Vic"
    },
    {
        "name": "Viché",
        "href": "/wiki/Vich%C3%A9"
    },
    {
        "name": "Victoria",
        "href": "/wiki/Victoria"
    },
    {
        "name": "Violet",
        "href": "/wiki/Violet"
    },
    {
        "name": "Vivian",
        "href": "/wiki/Vivian"
    },
    {
        "name": "Vladimir",
        "href": "/wiki/Vladimir"
    },
    {
        "name": "W. Link",
        "href": "/wiki/W._Link"
    },
    {
        "name": "Wade",
        "href": "/wiki/Wade"
    },
    {
        "name": "Walker",
        "href": "/wiki/Walker"
    },
    {
        "name": "Walt",
        "href": "/wiki/Walt"
    },
    {
        "name": "Wart Jr.",
        "href": "/wiki/Wart_Jr."
    },
    {
        "name": "Weber",
        "href": "/wiki/Weber"
    },
    {
        "name": "Wendy",
        "href": "/wiki/Wendy"
    },
    {
        "name": "Whitney",
        "href": "/wiki/Whitney"
    },
    {
        "name": "Willow",
        "href": "/wiki/Willow"
    },
    {
        "name": "Winnie",
        "href": "/wiki/Winnie"
    },
    {
        "name": "Wolfgang",
        "href": "/wiki/Wolfgang"
    },
    {
        "name": "Yuka",
        "href": "/wiki/Yuka"
    },
    {
        "name": "Zell",
        "href": "/wiki/Zell"
    },
    {
        "name": "Zucker",
        "href": "/wiki/Zucker"
    }
]